id;matricula;nome;login;senha;curso
18;1001;João Silva;joao;123;Engenharia de Software
19;1002;Maria Oliveira;maria;123;Engenharia de Software
20;1003;Pedro Santos;pedro;123;Engenharia de Software
21;1004;Ana Clara Souza;ana.souza;123;Engenharia de Computação
22;1005;Lucas Costa;lucas.costa;123;Engenharia de Software
23;1006;Beatriz Pereira;beatriz.pereira;123;Ciência da Computação
24;1007;Gabriel Almeida;gabriel.almeida;123;Sistemas de Informação
25;1008;Larissa Ferreira;larissa.ferreira;123;Engenharia de Computação
26;1009;Rafael Rodrigues;rafael.rodrigues;123;Engenharia de Software
27;1010;Camila Gomes;camila.gomes;123;Ciência da Computação
28;1011;Mateus Martins;mateus.martins;123;Sistemas de Informação
29;1012;Juliana Araújo;juliana.araujo;123;Engenharia de Computação
30;1013;Felipe Ribeiro;felipe.ribeiro;123;Engenharia de Software
31;1014;Mariana Carvalho;mariana.carvalho;123;Ciência da Computação
32;1015;Gustavo Lopes;gustavo.lopes;123;Sistemas de Informação
33;1016;Letícia Barbosa;leticia.barbosa;123;Engenharia de Computação
34;1017;Bruno Rocha;bruno.rocha;123;Engenharia de Software
35;1018;Isabela Dias;isabela.dias;123;Ciência da Computação
36;1019;Thiago Moreira;thiago.moreira;123;Sistemas de Informação
37;1020;Carolina Nunes;carolina.nunes;123;Engenharia de Computação
38;1021;Vinícius Cardoso;vinicius.cardoso;123;Engenharia de Software
39;1022;Amanda Teixeira;amanda.teixeira;123;Ciência da Computação
40;1023;Leonardo Correia;leonardo.correia;123;Sistemas de Informação
41;1024;Fernanda Mendes;fernanda.mendes;123;Engenharia de Computação
42;1025;Diego Silva;diego.silva;123;Engenharia de Software
43;1026;Natália Oliveira;natalia.oliveira;123;Ciência da Computação
44;1027;Rodrigo Santos;rodrigo.santos;123;Sistemas de Informação
45;1028;Bianca Souza;bianca.souza;123;Engenharia de Computação
46;1029;Eduardo Costa;eduardo.costa;123;Engenharia de Software
47;1030;Vitória Pereira;vitoria.pereira;123;Ciência da Computação
48;1031;André Almeida;andre.almeida;123;Sistemas de Informação
49;1032;Luana Ferreira;luana.ferreira;123;Engenharia de Computação
50;1033;Henrique Rodrigues;henrique.rodrigues;123;Engenharia de Software
51;1034;Débora Gomes;debora.gomes;123;Ciência da Computação
52;1035;Caio Martins;caio.martins;123;Sistemas de Informação
53;1036;Sofia Araújo;sofia.araujo;123;Engenharia de Computação
54;1037;João Ribeiro;joao.ribeiro;123;Engenharia de Software
55;1038;Maria Carvalho;maria.carvalho;123;Ciência da Computação
56;1039;Pedro Lopes;pedro.lopes;123;Sistemas de Informação
57;1040;Ana Clara Barbosa;ana.barbosa;123;Engenharia de Computação
58;1041;Lucas Rocha;lucas.rocha;123;Engenharia de Software
59;1042;Beatriz Dias;beatriz.dias;123;Ciência da Computação
60;1043;Gabriel Moreira;gabriel.moreira;123;Sistemas de Informação
61;1044;Larissa Nunes;larissa.nunes;123;Engenharia de Computação
62;1045;Rafael Cardoso;rafael.cardoso;123;Engenharia de Software
63;1046;Camila Teixeira;camila.teixeira;123;Ciência da Computação
64;1047;Mateus Correia;mateus.correia;123;Sistemas de Informação
65;1048;Juliana Mendes;juliana.mendes;123;Engenharia de Computação
66;1049;Felipe Silva;felipe.silva;123;Engenharia de Software
67;1050;Mariana Oliveira;mariana.oliveira;123;Ciência da Computação
68;1051;Gustavo Santos;gustavo.santos;123;Sistemas de Informação
69;1052;Letícia Souza;leticia.souza;123;Engenharia de Computação
70;1053;Bruno Costa;bruno.costa;123;Engenharia de Software
71;1054;Isabela Pereira;isabela.pereira;123;Ciência da Computação
72;1055;Thiago Almeida;thiago.almeida;123;Sistemas de Informação
73;1056;Carolina Ferreira;carolina.ferreira;123;Engenharia de Computação
74;1057;Vinícius Rodrigues;vinicius.rodrigues;123;Engenharia de Software
75;1058;Amanda Gomes;amanda.gomes;123;Ciência da Computação
76;1059;Leonardo Martins;leonardo.martins;123;Sistemas de Informação
77;1060;Fernanda Araújo;fernanda.araujo;123;Engenharia de Computação
78;1061;Diego Ribeiro;diego.ribeiro;123;Engenharia de Software
79;1062;Natália Carvalho;natalia.carvalho;123;Ciência da Computação
80;1063;Rodrigo Lopes;rodrigo.lopes;123;Sistemas de Informação
81;1064;Bianca Barbosa;bianca.barbosa;123;Engenharia de Computação
82;1065;Eduardo Rocha;eduardo.rocha;123;Engenharia de Software
83;1066;Vitória Dias;vitoria.dias;123;Ciência da Computação
84;1067;André Moreira;andre.moreira;123;Sistemas de Informação
85;1068;Luana Nunes;luana.nunes;123;Engenharia de Computação
86;1069;Henrique Cardoso;henrique.cardoso;123;Engenharia de Software
87;1070;Débora Teixeira;debora.teixeira;123;Ciência da Computação
88;1071;Caio Correia;caio.correia;123;Sistemas de Informação
89;1072;Sofia Mendes;sofia.mendes;123;Engenharia de Computação
