idMatricula;matriculaAluno;codigoDisciplina;tipo;dataVinculo;status
90;1001;ES101;OBRIGATORIA;01/07/2026 09:00:00;ATIVO
90;1001;ES102;OBRIGATORIA;01/07/2026 09:01:00;CANCELADO
90;1001;ES103;OBRIGATORIA;01/07/2026 09:02:00;ATIVO
90;1001;ES104;OBRIGATORIA;01/07/2026 09:03:00;ATIVO
90;1001;ES106;OPTATIVA;01/07/2026 09:05:00;ATIVO
209;1001;CC101;OBRIGATORIA;28/09/2026 21:09:12;ATIVO
209;1001;CC103;OBRIGATORIA;28/09/2026 21:11:33;ATIVO
209;1001;ES102;OBRIGATORIA;28/09/2026 21:12:07;ATIVO
91;1002;ES102;OBRIGATORIA;02/07/2026 10:07:00;ATIVO
91;1002;ES103;OBRIGATORIA;02/07/2026 10:08:00;ATIVO
91;1002;ES104;OBRIGATORIA;02/07/2026 10:09:00;ATIVO
91;1002;ES105;OBRIGATORIA;02/07/2026 10:10:00;ATIVO
138;1002;ES102;OBRIGATORIA;28/09/2026 09:16:32;ATIVO
138;1002;ES103;OBRIGATORIA;28/09/2026 09:16:32;ATIVO
92;1003;ES103;OBRIGATORIA;03/07/2026 11:14:00;ATIVO
92;1003;ES104;OBRIGATORIA;03/07/2026 11:15:00;ATIVO
92;1003;ES105;OBRIGATORIA;03/07/2026 11:16:00;ATIVO
92;1003;ES106;OBRIGATORIA;03/07/2026 11:17:00;ATIVO
92;1003;SI101;OPTATIVA;03/07/2026 11:19:00;ATIVO
139;1003;ES101;OBRIGATORIA;28/09/2026 09:16:32;ATIVO
139;1003;ES102;OBRIGATORIA;28/09/2026 09:16:32;ATIVO
139;1003;ES103;OBRIGATORIA;28/09/2026 09:16:32;ATIVO
139;1003;ES104;OBRIGATORIA;28/09/2026 09:16:32;ATIVO
139;1003;CC103;OPTATIVA;28/09/2026 09:16:32;ATIVO
139;1003;SI102;OPTATIVA;28/09/2026 09:16:32;ATIVO
93;1004;ES101;OBRIGATORIA;04/07/2026 12:21:00;ATIVO
93;1004;ES102;OBRIGATORIA;04/07/2026 12:22:00;ATIVO
93;1004;ES103;OBRIGATORIA;04/07/2026 12:23:00;ATIVO
93;1004;ES104;OBRIGATORIA;04/07/2026 12:24:00;ATIVO
140;1004;ES101;OBRIGATORIA;28/09/2026 09:16:32;ATIVO
140;1004;EC101;OBRIGATORIA;28/09/2026 09:16:32;ATIVO
140;1004;ES105;OBRIGATORIA;28/09/2026 09:16:32;ATIVO
140;1004;ES107;OBRIGATORIA;28/09/2026 09:16:32;ATIVO
94;1005;ES105;OBRIGATORIA;05/07/2026 13:28:00;ATIVO
94;1005;ES106;OBRIGATORIA;05/07/2026 13:29:00;ATIVO
94;1005;ES107;OBRIGATORIA;05/07/2026 13:30:00;ATIVO
94;1005;CC101;OBRIGATORIA;05/07/2026 13:31:00;ATIVO
94;1005;ES101;OPTATIVA;05/07/2026 13:33:00;ATIVO
141;1005;ES101;OBRIGATORIA;28/09/2026 09:16:32;ATIVO
141;1005;ES107;OBRIGATORIA;28/09/2026 09:16:32;ATIVO
141;1005;ES102;OBRIGATORIA;28/09/2026 09:16:32;ATIVO
141;1005;ES104;OPTATIVA;28/09/2026 09:16:32;ATIVO
95;1006;ES102;OBRIGATORIA;06/07/2026 14:35:00;ATIVO
95;1006;ES103;OBRIGATORIA;06/07/2026 14:36:00;CANCELADO
95;1006;ES104;OBRIGATORIA;06/07/2026 14:37:00;ATIVO
95;1006;ES105;OBRIGATORIA;06/07/2026 14:38:00;ATIVO
142;1006;ES101;OBRIGATORIA;28/09/2026 09:16:32;ATIVO
142;1006;CC103;OBRIGATORIA;28/09/2026 09:16:32;ATIVO
142;1006;CC101;OBRIGATORIA;28/09/2026 09:16:32;ATIVO
142;1006;SI101;OBRIGATORIA;28/09/2026 09:16:32;ATIVO
142;1006;SI102;OPTATIVA;28/09/2026 09:16:32;ATIVO
142;1006;EC101;OPTATIVA;28/09/2026 09:16:32;ATIVO
96;1007;ES104;OBRIGATORIA;07/07/2026 15:42:00;ATIVO
96;1007;ES105;OBRIGATORIA;07/07/2026 15:43:00;ATIVO
96;1007;ES106;OBRIGATORIA;07/07/2026 15:44:00;ATIVO
96;1007;ES107;OBRIGATORIA;07/07/2026 15:45:00;ATIVO
143;1007;ES101;OBRIGATORIA;28/09/2026 09:16:32;ATIVO
143;1007;SI101;OBRIGATORIA;28/09/2026 09:16:32;ATIVO
143;1007;SI102;OBRIGATORIA;28/09/2026 09:16:32;ATIVO
97;1008;ES105;OBRIGATORIA;08/07/2026 16:49:00;ATIVO
97;1008;ES106;OBRIGATORIA;08/07/2026 16:50:00;ATIVO
97;1008;ES107;OBRIGATORIA;08/07/2026 16:51:00;ATIVO
97;1008;CC101;OBRIGATORIA;08/07/2026 16:52:00;ATIVO
144;1008;ES101;OBRIGATORIA;28/09/2026 09:16:32;ATIVO
144;1008;EC101;OBRIGATORIA;28/09/2026 09:16:32;ATIVO
144;1008;SI101;OBRIGATORIA;28/09/2026 09:16:32;ATIVO
144;1008;SI102;OBRIGATORIA;28/09/2026 09:16:32;ATIVO
144;1008;ES103;OPTATIVA;28/09/2026 09:16:32;ATIVO
98;1009;CC102;OBRIGATORIA;09/07/2026 09:56:00;ATIVO
98;1009;CC103;OBRIGATORIA;09/07/2026 09:57:00;ATIVO
98;1009;CC104;OBRIGATORIA;09/07/2026 09:58:00;ATIVO
98;1009;SI101;OBRIGATORIA;09/07/2026 09:59:00;ATIVO
98;1009;SI102;OPTATIVA;09/07/2026 10:01:00;ATIVO
145;1009;ES101;OBRIGATORIA;28/09/2026 09:16:32;ATIVO
145;1009;ES105;OBRIGATORIA;28/09/2026 09:16:32;ATIVO
145;1009;ES107;OBRIGATORIA;28/09/2026 09:16:32;ATIVO
145;1009;CC101;OPTATIVA;28/09/2026 09:16:32;ATIVO
145;1009;CC103;OPTATIVA;28/09/2026 09:16:32;ATIVO
99;1010;ES106;OBRIGATORIA;10/07/2026 10:03:00;ATIVO
99;1010;ES107;OBRIGATORIA;10/07/2026 10:04:00;ATIVO
99;1010;SI101;OBRIGATORIA;10/07/2026 10:05:00;ATIVO
99;1010;SI102;OBRIGATORIA;10/07/2026 10:06:00;ATIVO
146;1010;ES101;OBRIGATORIA;28/09/2026 09:16:32;ATIVO
146;1010;CC103;OBRIGATORIA;28/09/2026 09:16:32;ATIVO
146;1010;CC101;OBRIGATORIA;28/09/2026 09:16:32;ATIVO
146;1010;EC101;OBRIGATORIA;28/09/2026 09:16:32;ATIVO
100;1011;CC101;OBRIGATORIA;11/07/2026 11:10:00;ATIVO
100;1011;CC102;OBRIGATORIA;11/07/2026 11:11:00;CANCELADO
100;1011;CC103;OBRIGATORIA;11/07/2026 11:12:00;ATIVO
100;1011;CC104;OBRIGATORIA;11/07/2026 11:13:00;ATIVO
100;1011;ES102;OPTATIVA;11/07/2026 11:15:00;ATIVO
147;1011;ES101;OBRIGATORIA;28/09/2026 09:16:32;ATIVO
147;1011;SI101;OBRIGATORIA;28/09/2026 09:16:32;ATIVO
147;1011;SI102;OBRIGATORIA;28/09/2026 09:16:32;ATIVO
147;1011;ES102;OPTATIVA;28/09/2026 09:16:32;ATIVO
147;1011;CC102;OPTATIVA;28/09/2026 09:16:32;ATIVO
101;1012;CC102;OBRIGATORIA;12/07/2026 12:17:00;ATIVO
101;1012;CC103;OBRIGATORIA;12/07/2026 12:18:00;ATIVO
101;1012;CC104;OBRIGATORIA;12/07/2026 12:19:00;ATIVO
101;1012;SI101;OBRIGATORIA;12/07/2026 12:20:00;ATIVO
148;1012;ES101;OBRIGATORIA;28/09/2026 09:16:32;ATIVO
148;1012;EC101;OBRIGATORIA;28/09/2026 09:16:32;ATIVO
148;1012;ES103;OBRIGATORIA;28/09/2026 09:16:32;ATIVO
148;1012;ES104;OBRIGATORIA;28/09/2026 09:16:32;ATIVO
148;1012;ES105;OPTATIVA;28/09/2026 09:16:32;ATIVO
148;1012;ES107;OPTATIVA;28/09/2026 09:16:32;ATIVO
102;1013;SI102;OBRIGATORIA;13/07/2026 13:24:00;ATIVO
102;1013;SI103;OBRIGATORIA;13/07/2026 13:25:00;ATIVO
102;1013;EC101;OBRIGATORIA;13/07/2026 13:26:00;ATIVO
102;1013;EC102;OBRIGATORIA;13/07/2026 13:27:00;ATIVO
102;1013;CC101;OPTATIVA;13/07/2026 13:29:00;ATIVO
149;1013;ES101;OBRIGATORIA;28/09/2026 09:16:32;ATIVO
149;1013;ES104;OBRIGATORIA;28/09/2026 09:16:32;ATIVO
149;1013;ES105;OBRIGATORIA;28/09/2026 09:16:32;ATIVO
103;1014;SI103;OBRIGATORIA;14/07/2026 14:31:00;ATIVO
103;1014;EC101;OBRIGATORIA;14/07/2026 14:32:00;ATIVO
103;1014;EC102;OBRIGATORIA;14/07/2026 14:33:00;ATIVO
103;1014;EC103;OBRIGATORIA;14/07/2026 14:34:00;ATIVO
150;1014;ES101;OBRIGATORIA;28/09/2026 09:16:32;ATIVO
150;1014;CC103;OBRIGATORIA;28/09/2026 09:16:32;ATIVO
150;1014;CC101;OBRIGATORIA;28/09/2026 09:16:32;ATIVO
150;1014;ES105;OBRIGATORIA;28/09/2026 09:16:32;ATIVO
150;1014;EC101;OPTATIVA;28/09/2026 09:16:32;ATIVO
104;1015;EC101;OBRIGATORIA;15/07/2026 15:38:00;ATIVO
104;1015;EC102;OBRIGATORIA;15/07/2026 15:39:00;ATIVO
104;1015;EC103;OBRIGATORIA;15/07/2026 15:40:00;ATIVO
104;1015;SI101;OBRIGATORIA;15/07/2026 15:41:00;ATIVO
104;1015;SI103;OPTATIVA;15/07/2026 15:43:00;ATIVO
151;1015;ES101;OBRIGATORIA;28/09/2026 09:16:32;ATIVO
151;1015;SI101;OBRIGATORIA;28/09/2026 09:16:32;ATIVO
151;1015;SI102;OBRIGATORIA;28/09/2026 09:16:32;ATIVO
151;1015;ES104;OPTATIVA;28/09/2026 09:16:32;ATIVO
151;1015;ES105;OPTATIVA;28/09/2026 09:16:32;ATIVO
105;1016;SI102;OBRIGATORIA;16/07/2026 16:45:00;ATIVO
105;1016;SI103;OBRIGATORIA;16/07/2026 16:46:00;CANCELADO
105;1016;EC101;OBRIGATORIA;16/07/2026 16:47:00;ATIVO
105;1016;EC102;OBRIGATORIA;16/07/2026 16:48:00;ATIVO
152;1016;ES101;OBRIGATORIA;28/09/2026 09:16:32;ATIVO
152;1016;EC101;OBRIGATORIA;28/09/2026 09:16:32;ATIVO
152;1016;CC101;OBRIGATORIA;28/09/2026 09:16:32;ATIVO
152;1016;CC103;OBRIGATORIA;28/09/2026 09:16:32;ATIVO
106;1017;EC103;OBRIGATORIA;17/07/2026 09:52:00;ATIVO
106;1017;ES101;OBRIGATORIA;17/07/2026 09:53:00;ATIVO
106;1017;ES102;OBRIGATORIA;17/07/2026 09:54:00;ATIVO
106;1017;ES103;OBRIGATORIA;17/07/2026 09:55:00;ATIVO
153;1017;ES101;OBRIGATORIA;28/09/2026 09:16:32;ATIVO
153;1017;ES103;OBRIGATORIA;28/09/2026 09:16:32;ATIVO
153;1017;ES104;OBRIGATORIA;28/09/2026 09:16:32;ATIVO
153;1017;SI102;OPTATIVA;28/09/2026 09:16:32;ATIVO
107;1018;CC101;OBRIGATORIA;18/07/2026 10:59:00;ATIVO
107;1018;CC102;OBRIGATORIA;18/07/2026 11:00:00;ATIVO
107;1018;CC103;OBRIGATORIA;18/07/2026 11:01:00;ATIVO
107;1018;CC104;OBRIGATORIA;18/07/2026 11:02:00;ATIVO
154;1018;ES101;OBRIGATORIA;28/09/2026 09:16:32;ATIVO
154;1018;CC103;OBRIGATORIA;28/09/2026 09:16:32;ATIVO
154;1018;CC101;OBRIGATORIA;28/09/2026 09:16:32;ATIVO
154;1018;SI101;OBRIGATORIA;28/09/2026 09:16:32;ATIVO
154;1018;ES103;OPTATIVA;28/09/2026 09:16:32;ATIVO
154;1018;ES104;OPTATIVA;28/09/2026 09:16:32;ATIVO
108;1019;SI102;OBRIGATORIA;19/07/2026 11:06:00;ATIVO
108;1019;SI103;OBRIGATORIA;19/07/2026 11:07:00;ATIVO
108;1019;ES101;OBRIGATORIA;19/07/2026 11:08:00;ATIVO
108;1019;ES102;OBRIGATORIA;19/07/2026 11:09:00;ATIVO
108;1019;CC102;OPTATIVA;19/07/2026 11:11:00;ATIVO
155;1019;ES101;OBRIGATORIA;28/09/2026 09:16:32;ATIVO
155;1019;SI101;OBRIGATORIA;28/09/2026 09:16:32;ATIVO
155;1019;SI102;OBRIGATORIA;28/09/2026 09:16:32;ATIVO
109;1020;EC103;OBRIGATORIA;20/07/2026 12:13:00;ATIVO
109;1020;ES101;OBRIGATORIA;20/07/2026 12:14:00;ATIVO
109;1020;ES102;OBRIGATORIA;20/07/2026 12:15:00;ATIVO
109;1020;ES103;OBRIGATORIA;20/07/2026 12:16:00;ATIVO
156;1020;ES101;OBRIGATORIA;28/09/2026 09:16:32;ATIVO
156;1020;EC101;OBRIGATORIA;28/09/2026 09:16:32;ATIVO
156;1020;ES102;OBRIGATORIA;28/09/2026 09:16:32;ATIVO
156;1020;ES103;OBRIGATORIA;28/09/2026 09:16:32;ATIVO
156;1020;SI101;OPTATIVA;28/09/2026 09:16:32;ATIVO
110;1021;ES104;OBRIGATORIA;01/07/2026 13:20:00;ATIVO
110;1021;ES105;OBRIGATORIA;01/07/2026 13:21:00;CANCELADO
110;1021;ES106;OBRIGATORIA;01/07/2026 13:22:00;ATIVO
110;1021;ES107;OBRIGATORIA;01/07/2026 13:23:00;ATIVO
110;1021;EC101;OPTATIVA;01/07/2026 13:25:00;ATIVO
157;1021;ES101;OBRIGATORIA;28/09/2026 09:16:32;ATIVO
157;1021;ES102;OBRIGATORIA;28/09/2026 09:16:32;ATIVO
157;1021;ES103;OBRIGATORIA;28/09/2026 09:16:32;ATIVO
157;1021;ES104;OPTATIVA;28/09/2026 09:16:32;ATIVO
157;1021;ES105;OPTATIVA;28/09/2026 09:16:32;ATIVO
111;1022;ES101;OBRIGATORIA;02/07/2026 14:27:00;ATIVO
111;1022;ES102;OBRIGATORIA;02/07/2026 14:28:00;ATIVO
111;1022;ES103;OBRIGATORIA;02/07/2026 14:29:00;ATIVO
111;1022;ES104;OBRIGATORIA;02/07/2026 14:30:00;ATIVO
158;1022;ES101;OBRIGATORIA;28/09/2026 09:16:32;ATIVO
158;1022;CC103;OBRIGATORIA;28/09/2026 09:16:32;ATIVO
158;1022;CC101;OBRIGATORIA;28/09/2026 09:16:32;ATIVO
158;1022;ES103;OBRIGATORIA;28/09/2026 09:16:32;ATIVO
112;1023;ES103;OBRIGATORIA;03/07/2026 15:34:00;ATIVO
112;1023;ES104;OBRIGATORIA;03/07/2026 15:35:00;ATIVO
112;1023;ES105;OBRIGATORIA;03/07/2026 15:36:00;ATIVO
112;1023;ES106;OBRIGATORIA;03/07/2026 15:37:00;ATIVO
159;1023;ES101;OBRIGATORIA;28/09/2026 09:16:32;ATIVO
159;1023;SI101;OBRIGATORIA;28/09/2026 09:16:32;ATIVO
159;1023;SI102;OBRIGATORIA;28/09/2026 09:16:32;ATIVO
159;1023;CC103;OPTATIVA;28/09/2026 09:16:32;ATIVO
113;1024;ES104;OBRIGATORIA;04/07/2026 16:41:00;ATIVO
113;1024;ES105;OBRIGATORIA;04/07/2026 16:42:00;ATIVO
113;1024;ES106;OBRIGATORIA;04/07/2026 16:43:00;ATIVO
113;1024;ES107;OBRIGATORIA;04/07/2026 16:44:00;ATIVO
160;1024;ES101;OBRIGATORIA;28/09/2026 09:16:32;ATIVO
160;1024;EC101;OBRIGATORIA;28/09/2026 09:16:32;ATIVO
160;1024;ES105;OBRIGATORIA;28/09/2026 09:16:32;ATIVO
160;1024;ES107;OBRIGATORIA;28/09/2026 09:16:32;ATIVO
160;1024;ES102;OPTATIVA;28/09/2026 09:16:32;ATIVO
160;1024;ES103;OPTATIVA;28/09/2026 09:16:32;ATIVO
114;1025;CC101;OBRIGATORIA;05/07/2026 09:48:00;ATIVO
114;1025;CC102;OBRIGATORIA;05/07/2026 09:49:00;ATIVO
114;1025;CC103;OBRIGATORIA;05/07/2026 09:50:00;ATIVO
114;1025;CC104;OBRIGATORIA;05/07/2026 09:51:00;ATIVO
161;1025;ES101;OBRIGATORIA;28/09/2026 09:16:32;ATIVO
161;1025;ES107;OBRIGATORIA;28/09/2026 09:16:32;ATIVO
161;1025;ES102;OBRIGATORIA;28/09/2026 09:16:32;ATIVO
115;1026;ES105;OBRIGATORIA;06/07/2026 10:55:00;ATIVO
115;1026;ES106;OBRIGATORIA;06/07/2026 10:56:00;CANCELADO
115;1026;ES107;OBRIGATORIA;06/07/2026 10:57:00;ATIVO
115;1026;SI101;OBRIGATORIA;06/07/2026 10:58:00;ATIVO
162;1026;ES101;OBRIGATORIA;28/09/2026 09:16:32;ATIVO
162;1026;CC103;OBRIGATORIA;28/09/2026 09:16:32;ATIVO
162;1026;CC101;OBRIGATORIA;28/09/2026 09:16:32;ATIVO
162;1026;SI101;OBRIGATORIA;28/09/2026 09:16:32;ATIVO
162;1026;SI102;OPTATIVA;28/09/2026 09:16:32;ATIVO
162;1026;CC102;OPTATIVA;28/09/2026 09:16:32;ATIVO
116;1027;ES107;OBRIGATORIA;07/07/2026 11:02:00;ATIVO
116;1027;CC101;OBRIGATORIA;07/07/2026 11:03:00;ATIVO
116;1027;CC102;OBRIGATORIA;07/07/2026 11:04:00;ATIVO
116;1027;CC103;OBRIGATORIA;07/07/2026 11:05:00;ATIVO
116;1027;EC102;OPTATIVA;07/07/2026 11:07:00;ATIVO
163;1027;ES101;OBRIGATORIA;28/09/2026 09:16:32;ATIVO
163;1027;SI101;OBRIGATORIA;28/09/2026 09:16:32;ATIVO
163;1027;SI102;OBRIGATORIA;28/09/2026 09:16:32;ATIVO
163;1027;EC101;OPTATIVA;28/09/2026 09:16:32;ATIVO
163;1027;ES102;OPTATIVA;28/09/2026 09:16:32;ATIVO
117;1028;CC101;OBRIGATORIA;08/07/2026 12:09:00;ATIVO
117;1028;CC102;OBRIGATORIA;08/07/2026 12:10:00;ATIVO
117;1028;CC103;OBRIGATORIA;08/07/2026 12:11:00;ATIVO
117;1028;CC104;OBRIGATORIA;08/07/2026 12:12:00;ATIVO
164;1028;ES101;OBRIGATORIA;28/09/2026 09:16:32;ATIVO
164;1028;EC101;OBRIGATORIA;28/09/2026 09:16:32;ATIVO
164;1028;SI101;OBRIGATORIA;28/09/2026 09:16:32;ATIVO
164;1028;SI102;OBRIGATORIA;28/09/2026 09:16:32;ATIVO
118;1029;SI101;OBRIGATORIA;09/07/2026 13:16:00;ATIVO
118;1029;SI102;OBRIGATORIA;09/07/2026 13:17:00;ATIVO
118;1029;SI103;OBRIGATORIA;09/07/2026 13:18:00;ATIVO
118;1029;EC101;OBRIGATORIA;09/07/2026 13:19:00;ATIVO
118;1029;ES105;OPTATIVA;09/07/2026 13:21:00;ATIVO
165;1029;ES101;OBRIGATORIA;28/09/2026 09:16:32;ATIVO
165;1029;ES105;OBRIGATORIA;28/09/2026 09:16:32;ATIVO
165;1029;ES107;OBRIGATORIA;28/09/2026 09:16:32;ATIVO
165;1029;CC101;OPTATIVA;28/09/2026 09:16:32;ATIVO
119;1030;SI102;OBRIGATORIA;10/07/2026 14:23:00;ATIVO
119;1030;SI103;OBRIGATORIA;10/07/2026 14:24:00;ATIVO
119;1030;EC101;OBRIGATORIA;10/07/2026 14:25:00;ATIVO
119;1030;EC102;OBRIGATORIA;10/07/2026 14:26:00;ATIVO
166;1030;ES101;OBRIGATORIA;28/09/2026 09:16:32;ATIVO
166;1030;CC103;OBRIGATORIA;28/09/2026 09:16:32;ATIVO
166;1030;CC101;OBRIGATORIA;28/09/2026 09:16:32;ATIVO
166;1030;EC101;OBRIGATORIA;28/09/2026 09:16:32;ATIVO
166;1030;SI101;OPTATIVA;28/09/2026 09:16:32;ATIVO
166;1030;SI102;OPTATIVA;28/09/2026 09:16:32;ATIVO
120;1031;CC104;OBRIGATORIA;11/07/2026 15:30:00;ATIVO
120;1031;EC101;OBRIGATORIA;11/07/2026 15:31:00;CANCELADO
120;1031;EC102;OBRIGATORIA;11/07/2026 15:32:00;ATIVO
120;1031;EC103;OBRIGATORIA;11/07/2026 15:33:00;ATIVO
167;1031;ES101;OBRIGATORIA;28/09/2026 09:16:32;ATIVO
167;1031;SI101;OBRIGATORIA;28/09/2026 09:16:32;ATIVO
167;1031;SI102;OBRIGATORIA;28/09/2026 09:16:32;ATIVO
121;1032;SI101;OBRIGATORIA;12/07/2026 16:37:00;ATIVO
121;1032;SI102;OBRIGATORIA;12/07/2026 16:38:00;ATIVO
121;1032;SI103;OBRIGATORIA;12/07/2026 16:39:00;ATIVO
121;1032;EC101;OBRIGATORIA;12/07/2026 16:40:00;ATIVO
168;1032;ES101;OBRIGATORIA;28/09/2026 09:16:32;ATIVO
168;1032;EC101;OBRIGATORIA;28/09/2026 09:16:32;ATIVO
168;1032;ES103;OBRIGATORIA;28/09/2026 09:16:32;ATIVO
168;1032;ES104;OBRIGATORIA;28/09/2026 09:16:32;ATIVO
168;1032;ES105;OPTATIVA;28/09/2026 09:16:32;ATIVO
122;1033;EC102;OBRIGATORIA;13/07/2026 09:44:00;ATIVO
122;1033;EC103;OBRIGATORIA;13/07/2026 09:45:00;ATIVO
122;1033;ES101;OBRIGATORIA;13/07/2026 09:46:00;ATIVO
122;1033;ES102;OBRIGATORIA;13/07/2026 09:47:00;ATIVO
169;1033;ES101;OBRIGATORIA;28/09/2026 09:16:32;ATIVO
169;1033;ES104;OBRIGATORIA;28/09/2026 09:16:32;ATIVO
169;1033;ES105;OBRIGATORIA;28/09/2026 09:16:32;ATIVO
169;1033;CC103;OPTATIVA;28/09/2026 09:16:32;ATIVO
169;1033;SI101;OPTATIVA;28/09/2026 09:16:32;ATIVO
123;1034;EC103;OBRIGATORIA;14/07/2026 10:51:00;ATIVO
123;1034;CC101;OBRIGATORIA;14/07/2026 10:52:00;ATIVO
123;1034;CC102;OBRIGATORIA;14/07/2026 10:53:00;ATIVO
123;1034;CC103;OBRIGATORIA;14/07/2026 10:54:00;ATIVO
170;1034;ES101;OBRIGATORIA;28/09/2026 09:16:32;ATIVO
170;1034;CC103;OBRIGATORIA;28/09/2026 09:16:32;ATIVO
170;1034;CC101;OBRIGATORIA;28/09/2026 09:16:32;ATIVO
170;1034;ES105;OBRIGATORIA;28/09/2026 09:16:32;ATIVO
124;1035;SI101;OBRIGATORIA;15/07/2026 11:58:00;ATIVO
124;1035;SI102;OBRIGATORIA;15/07/2026 11:59:00;ATIVO
124;1035;SI103;OBRIGATORIA;15/07/2026 12:00:00;ATIVO
124;1035;ES101;OBRIGATORIA;15/07/2026 12:01:00;ATIVO
124;1035;ES106;OPTATIVA;15/07/2026 12:03:00;ATIVO
171;1035;ES101;OBRIGATORIA;28/09/2026 09:16:32;ATIVO
171;1035;SI101;OBRIGATORIA;28/09/2026 09:16:32;ATIVO
171;1035;SI102;OBRIGATORIA;28/09/2026 09:16:32;ATIVO
171;1035;ES104;OPTATIVA;28/09/2026 09:16:32;ATIVO
125;1036;EC102;OBRIGATORIA;16/07/2026 12:05:00;ATIVO
125;1036;EC103;OBRIGATORIA;16/07/2026 12:06:00;CANCELADO
125;1036;ES101;OBRIGATORIA;16/07/2026 12:07:00;ATIVO
125;1036;ES102;OBRIGATORIA;16/07/2026 12:08:00;ATIVO
172;1036;ES101;OBRIGATORIA;28/09/2026 09:16:32;ATIVO
172;1036;EC101;OBRIGATORIA;28/09/2026 09:16:32;ATIVO
172;1036;CC101;OBRIGATORIA;28/09/2026 09:16:32;ATIVO
172;1036;CC103;OBRIGATORIA;28/09/2026 09:16:32;ATIVO
172;1036;SI101;OPTATIVA;28/09/2026 09:16:32;ATIVO
172;1036;SI102;OPTATIVA;28/09/2026 09:16:32;ATIVO
126;1037;ES103;OBRIGATORIA;17/07/2026 13:12:00;ATIVO
126;1037;ES104;OBRIGATORIA;17/07/2026 13:13:00;ATIVO
126;1037;ES105;OBRIGATORIA;17/07/2026 13:14:00;ATIVO
126;1037;ES106;OBRIGATORIA;17/07/2026 13:15:00;ATIVO
126;1037;SI101;OPTATIVA;17/07/2026 13:17:00;ATIVO
173;1037;ES101;OBRIGATORIA;28/09/2026 09:16:32;ATIVO
173;1037;ES103;OBRIGATORIA;28/09/2026 09:16:32;ATIVO
173;1037;ES104;OBRIGATORIA;28/09/2026 09:16:32;ATIVO
127;1038;CC104;OBRIGATORIA;18/07/2026 14:19:00;ATIVO
127;1038;ES101;OBRIGATORIA;18/07/2026 14:20:00;ATIVO
127;1038;ES102;OBRIGATORIA;18/07/2026 14:21:00;ATIVO
127;1038;ES103;OBRIGATORIA;18/07/2026 14:22:00;ATIVO
174;1038;ES101;OBRIGATORIA;28/09/2026 09:16:32;ATIVO
174;1038;CC103;OBRIGATORIA;28/09/2026 09:16:32;ATIVO
174;1038;CC101;OBRIGATORIA;28/09/2026 09:16:32;ATIVO
174;1038;SI101;OBRIGATORIA;28/09/2026 09:16:32;ATIVO
174;1038;ES103;OPTATIVA;28/09/2026 09:16:32;ATIVO
128;1039;ES102;OBRIGATORIA;19/07/2026 15:26:00;ATIVO
128;1039;ES103;OBRIGATORIA;19/07/2026 15:27:00;ATIVO
128;1039;ES104;OBRIGATORIA;19/07/2026 15:28:00;ATIVO
128;1039;ES105;OBRIGATORIA;19/07/2026 15:29:00;ATIVO
128;1039;ES101;OPTATIVA;19/07/2026 15:31:00;ATIVO
175;1039;ES101;OBRIGATORIA;28/09/2026 09:16:32;ATIVO
175;1039;SI101;OBRIGATORIA;28/09/2026 09:16:32;ATIVO
175;1039;SI102;OBRIGATORIA;28/09/2026 09:16:32;ATIVO
175;1039;ES107;OPTATIVA;28/09/2026 09:16:32;ATIVO
175;1039;CC101;OPTATIVA;28/09/2026 09:16:32;ATIVO
129;1040;ES103;OBRIGATORIA;20/07/2026 16:33:00;ATIVO
129;1040;ES104;OBRIGATORIA;20/07/2026 16:34:00;ATIVO
129;1040;ES105;OBRIGATORIA;20/07/2026 16:35:00;ATIVO
129;1040;ES106;OBRIGATORIA;20/07/2026 16:36:00;ATIVO
176;1040;ES101;OBRIGATORIA;28/09/2026 09:16:32;ATIVO
176;1040;EC101;OBRIGATORIA;28/09/2026 09:16:32;ATIVO
176;1040;ES102;OBRIGATORIA;28/09/2026 09:16:32;ATIVO
176;1040;ES103;OBRIGATORIA;28/09/2026 09:16:32;ATIVO
130;1041;ES107;OBRIGATORIA;01/07/2026 09:40:00;ATIVO
130;1041;CC101;OBRIGATORIA;01/07/2026 09:41:00;CANCELADO
130;1041;CC102;OBRIGATORIA;01/07/2026 09:42:00;ATIVO
130;1041;CC103;OBRIGATORIA;01/07/2026 09:43:00;ATIVO
177;1041;ES101;OBRIGATORIA;28/09/2026 09:16:32;ATIVO
177;1041;ES102;OBRIGATORIA;28/09/2026 09:16:32;ATIVO
177;1041;ES103;OBRIGATORIA;28/09/2026 09:16:32;ATIVO
177;1041;ES104;OPTATIVA;28/09/2026 09:16:32;ATIVO
177;1041;EC102;OPTATIVA;28/09/2026 09:16:32;ATIVO
131;1042;ES104;OBRIGATORIA;02/07/2026 10:47:00;ATIVO
131;1042;ES105;OBRIGATORIA;02/07/2026 10:48:00;ATIVO
131;1042;ES106;OBRIGATORIA;02/07/2026 10:49:00;ATIVO
131;1042;ES107;OBRIGATORIA;02/07/2026 10:50:00;ATIVO
178;1042;ES101;OBRIGATORIA;28/09/2026 09:16:32;ATIVO
178;1042;CC103;OBRIGATORIA;28/09/2026 09:16:32;ATIVO
178;1042;CC101;OBRIGATORIA;28/09/2026 09:16:32;ATIVO
178;1042;ES103;OBRIGATORIA;28/09/2026 09:16:32;ATIVO
178;1042;ES105;OPTATIVA;28/09/2026 09:16:32;ATIVO
178;1042;ES107;OPTATIVA;28/09/2026 09:16:32;ATIVO
132;1043;ES106;OBRIGATORIA;03/07/2026 11:54:00;ATIVO
132;1043;ES107;OBRIGATORIA;03/07/2026 11:55:00;ATIVO
132;1043;CC101;OBRIGATORIA;03/07/2026 11:56:00;ATIVO
132;1043;CC102;OBRIGATORIA;03/07/2026 11:57:00;ATIVO
132;1043;SI102;OPTATIVA;03/07/2026 11:59:00;ATIVO
179;1043;ES101;OBRIGATORIA;28/09/2026 09:16:32;ATIVO
179;1043;SI101;OBRIGATORIA;28/09/2026 09:16:32;ATIVO
179;1043;SI102;OBRIGATORIA;28/09/2026 09:16:32;ATIVO
133;1044;ES107;OBRIGATORIA;04/07/2026 12:01:00;ATIVO
133;1044;CC101;OBRIGATORIA;04/07/2026 12:02:00;ATIVO
133;1044;CC102;OBRIGATORIA;04/07/2026 12:03:00;ATIVO
133;1044;CC103;OBRIGATORIA;04/07/2026 12:04:00;ATIVO
180;1044;ES101;OBRIGATORIA;28/09/2026 09:16:32;ATIVO
180;1044;EC101;OBRIGATORIA;28/09/2026 09:16:32;ATIVO
180;1044;ES105;OBRIGATORIA;28/09/2026 09:16:32;ATIVO
180;1044;ES107;OBRIGATORIA;28/09/2026 09:16:32;ATIVO
180;1044;ES102;OPTATIVA;28/09/2026 09:16:32;ATIVO
134;1045;CC104;OBRIGATORIA;05/07/2026 13:08:00;ATIVO
134;1045;SI101;OBRIGATORIA;05/07/2026 13:09:00;ATIVO
134;1045;SI102;OBRIGATORIA;05/07/2026 13:10:00;ATIVO
134;1045;SI103;OBRIGATORIA;05/07/2026 13:11:00;ATIVO
134;1045;ES102;OPTATIVA;05/07/2026 13:13:00;ATIVO
181;1045;ES101;OBRIGATORIA;28/09/2026 09:16:32;ATIVO
181;1045;ES107;OBRIGATORIA;28/09/2026 09:16:32;ATIVO
181;1045;ES102;OBRIGATORIA;28/09/2026 09:16:32;ATIVO
181;1045;ES104;OPTATIVA;28/09/2026 09:16:32;ATIVO
181;1045;ES105;OPTATIVA;28/09/2026 09:16:32;ATIVO
135;1046;SI101;OBRIGATORIA;06/07/2026 14:15:00;ATIVO
135;1046;SI102;OBRIGATORIA;06/07/2026 14:16:00;CANCELADO
135;1046;SI103;OBRIGATORIA;06/07/2026 14:17:00;ATIVO
135;1046;EC101;OBRIGATORIA;06/07/2026 14:18:00;ATIVO
182;1046;ES101;OBRIGATORIA;28/09/2026 09:16:32;ATIVO
182;1046;CC103;OBRIGATORIA;28/09/2026 09:16:32;ATIVO
182;1046;CC101;OBRIGATORIA;28/09/2026 09:16:32;ATIVO
182;1046;SI101;OBRIGATORIA;28/09/2026 09:16:32;ATIVO
136;1047;CC103;OBRIGATORIA;07/07/2026 15:22:00;ATIVO
136;1047;CC104;OBRIGATORIA;07/07/2026 15:23:00;ATIVO
136;1047;EC101;OBRIGATORIA;07/07/2026 15:24:00;ATIVO
136;1047;EC102;OBRIGATORIA;07/07/2026 15:25:00;ATIVO
136;1047;CC101;OPTATIVA;07/07/2026 15:27:00;ATIVO
183;1047;ES101;OBRIGATORIA;28/09/2026 09:16:32;ATIVO
183;1047;SI101;OBRIGATORIA;28/09/2026 09:16:32;ATIVO
183;1047;SI102;OBRIGATORIA;28/09/2026 09:16:32;ATIVO
183;1047;EC101;OPTATIVA;28/09/2026 09:16:32;ATIVO
137;1048;CC104;OBRIGATORIA;08/07/2026 16:29:00;ATIVO
137;1048;SI101;OBRIGATORIA;08/07/2026 16:30:00;ATIVO
137;1048;SI102;OBRIGATORIA;08/07/2026 16:31:00;ATIVO
137;1048;SI103;OBRIGATORIA;08/07/2026 16:32:00;ATIVO
184;1048;ES101;OBRIGATORIA;28/09/2026 09:16:32;ATIVO
184;1048;EC101;OBRIGATORIA;28/09/2026 09:16:32;ATIVO
184;1048;SI101;OBRIGATORIA;28/09/2026 09:16:32;ATIVO
184;1048;SI102;OBRIGATORIA;28/09/2026 09:16:32;ATIVO
184;1048;ES103;OPTATIVA;28/09/2026 09:16:32;ATIVO
184;1048;ES104;OPTATIVA;28/09/2026 09:16:32;ATIVO
185;1049;ES101;OBRIGATORIA;28/09/2026 09:16:32;ATIVO
185;1049;ES105;OBRIGATORIA;28/09/2026 09:16:32;ATIVO
185;1049;ES107;OBRIGATORIA;28/09/2026 09:16:32;ATIVO
186;1050;ES101;OBRIGATORIA;28/09/2026 09:16:32;ATIVO
186;1050;CC103;OBRIGATORIA;28/09/2026 09:16:32;ATIVO
186;1050;CC101;OBRIGATORIA;28/09/2026 09:16:32;ATIVO
186;1050;EC101;OBRIGATORIA;28/09/2026 09:16:32;ATIVO
186;1050;SI101;OPTATIVA;28/09/2026 09:16:32;ATIVO
187;1051;ES101;OBRIGATORIA;28/09/2026 09:16:32;ATIVO
187;1051;SI101;OBRIGATORIA;28/09/2026 09:16:32;ATIVO
187;1051;SI102;OBRIGATORIA;28/09/2026 09:16:32;ATIVO
187;1051;ES102;OPTATIVA;28/09/2026 09:16:32;ATIVO
187;1051;ES103;OPTATIVA;28/09/2026 09:16:32;ATIVO
188;1052;ES101;OBRIGATORIA;28/09/2026 09:16:32;ATIVO
188;1052;EC101;OBRIGATORIA;28/09/2026 09:16:32;ATIVO
188;1052;ES103;OBRIGATORIA;28/09/2026 09:16:32;ATIVO
188;1052;ES104;OBRIGATORIA;28/09/2026 09:16:32;ATIVO
189;1053;ES101;OBRIGATORIA;28/09/2026 09:16:32;ATIVO
189;1053;ES104;OBRIGATORIA;28/09/2026 09:16:32;ATIVO
189;1053;ES105;OBRIGATORIA;28/09/2026 09:16:32;ATIVO
189;1053;CC103;OPTATIVA;28/09/2026 09:16:32;ATIVO
190;1054;ES101;OBRIGATORIA;28/09/2026 09:16:32;ATIVO
190;1054;CC103;OBRIGATORIA;28/09/2026 09:16:32;ATIVO
190;1054;CC101;OBRIGATORIA;28/09/2026 09:16:32;ATIVO
190;1054;ES105;OBRIGATORIA;28/09/2026 09:16:32;ATIVO
190;1054;EC101;OPTATIVA;28/09/2026 09:16:32;ATIVO
190;1054;ES102;OPTATIVA;28/09/2026 09:16:32;ATIVO
191;1055;ES101;OBRIGATORIA;28/09/2026 09:16:32;ATIVO
191;1055;SI101;OBRIGATORIA;28/09/2026 09:16:32;ATIVO
191;1055;SI102;OBRIGATORIA;28/09/2026 09:16:32;ATIVO
192;1056;ES101;OBRIGATORIA;28/09/2026 09:16:32;ATIVO
192;1056;EC101;OBRIGATORIA;28/09/2026 09:16:32;ATIVO
192;1056;CC101;OBRIGATORIA;28/09/2026 09:16:32;ATIVO
192;1056;CC103;OBRIGATORIA;28/09/2026 09:16:32;ATIVO
192;1056;SI101;OPTATIVA;28/09/2026 09:16:32;ATIVO
193;1057;ES101;OBRIGATORIA;28/09/2026 09:16:32;ATIVO
193;1057;ES103;OBRIGATORIA;28/09/2026 09:16:32;ATIVO
193;1057;ES104;OBRIGATORIA;28/09/2026 09:16:32;ATIVO
193;1057;SI102;OPTATIVA;28/09/2026 09:16:32;ATIVO
193;1057;EC101;OPTATIVA;28/09/2026 09:16:32;ATIVO
194;1058;ES101;OBRIGATORIA;28/09/2026 09:16:32;ATIVO
194;1058;CC103;OBRIGATORIA;28/09/2026 09:16:32;ATIVO
194;1058;CC101;OBRIGATORIA;28/09/2026 09:16:32;ATIVO
194;1058;SI101;OBRIGATORIA;28/09/2026 09:16:32;ATIVO
195;1059;ES101;OBRIGATORIA;28/09/2026 09:16:32;ATIVO
195;1059;SI101;OBRIGATORIA;28/09/2026 09:16:32;ATIVO
195;1059;SI102;OBRIGATORIA;28/09/2026 09:16:32;ATIVO
195;1059;ES107;OPTATIVA;28/09/2026 09:16:32;ATIVO
196;1060;ES101;OBRIGATORIA;28/09/2026 09:16:32;ATIVO
196;1060;EC101;OBRIGATORIA;28/09/2026 09:16:32;ATIVO
196;1060;ES102;OBRIGATORIA;28/09/2026 09:16:32;ATIVO
196;1060;ES103;OBRIGATORIA;28/09/2026 09:16:32;ATIVO
196;1060;SI101;OPTATIVA;28/09/2026 09:16:32;ATIVO
196;1060;SI102;OPTATIVA;28/09/2026 09:16:32;ATIVO
197;1061;ES101;OBRIGATORIA;28/09/2026 09:16:32;ATIVO
197;1061;ES102;OBRIGATORIA;28/09/2026 09:16:32;ATIVO
197;1061;ES103;OBRIGATORIA;28/09/2026 09:16:32;ATIVO
198;1062;ES101;OBRIGATORIA;28/09/2026 09:16:32;ATIVO
198;1062;CC103;OBRIGATORIA;28/09/2026 09:16:32;ATIVO
198;1062;CC101;OBRIGATORIA;28/09/2026 09:16:32;ATIVO
198;1062;ES103;OBRIGATORIA;28/09/2026 09:16:32;ATIVO
198;1062;ES105;OPTATIVA;28/09/2026 09:16:32;ATIVO
199;1063;SI101;OBRIGATORIA;28/09/2026 09:16:32;ATIVO
199;1063;SI102;OBRIGATORIA;28/09/2026 09:16:32;ATIVO
199;1063;ES104;OBRIGATORIA;28/09/2026 09:16:32;ATIVO
199;1063;CC103;OPTATIVA;28/09/2026 09:16:32;ATIVO
199;1063;EC101;OPTATIVA;28/09/2026 09:16:32;ATIVO
200;1064;EC101;OBRIGATORIA;28/09/2026 09:16:32;ATIVO
200;1064;ES105;OBRIGATORIA;28/09/2026 09:16:32;ATIVO
200;1064;ES107;OBRIGATORIA;28/09/2026 09:16:32;ATIVO
200;1064;CC101;OBRIGATORIA;28/09/2026 09:16:32;ATIVO
201;1065;ES107;OBRIGATORIA;28/09/2026 09:16:32;ATIVO
201;1065;ES102;OBRIGATORIA;28/09/2026 09:16:32;ATIVO
201;1065;ES103;OBRIGATORIA;28/09/2026 09:16:32;ATIVO
201;1065;ES104;OPTATIVA;28/09/2026 09:16:32;ATIVO
202;1066;CC103;OBRIGATORIA;28/09/2026 09:16:32;ATIVO
202;1066;CC101;OBRIGATORIA;28/09/2026 09:16:32;ATIVO
202;1066;SI101;OBRIGATORIA;28/09/2026 09:16:32;ATIVO
202;1066;SI102;OBRIGATORIA;28/09/2026 09:16:32;ATIVO
202;1066;EC101;OPTATIVA;28/09/2026 09:16:32;ATIVO
202;1066;ES102;OPTATIVA;28/09/2026 09:16:32;ATIVO
203;1067;SI101;OBRIGATORIA;28/09/2026 09:16:32;ATIVO
203;1067;SI102;OBRIGATORIA;28/09/2026 09:16:32;ATIVO
203;1067;CC103;OBRIGATORIA;28/09/2026 09:16:32;ATIVO
204;1068;EC101;OBRIGATORIA;28/09/2026 09:16:32;ATIVO
204;1068;SI101;OBRIGATORIA;28/09/2026 09:16:32;ATIVO
204;1068;SI102;OBRIGATORIA;28/09/2026 09:16:32;ATIVO
204;1068;ES102;OBRIGATORIA;28/09/2026 09:16:32;ATIVO
204;1068;ES103;OPTATIVA;28/09/2026 09:16:32;ATIVO
205;1069;ES105;OBRIGATORIA;28/09/2026 09:16:32;ATIVO
205;1069;ES107;OBRIGATORIA;28/09/2026 09:16:32;ATIVO
205;1069;ES102;OBRIGATORIA;28/09/2026 09:16:32;ATIVO
205;1069;CC101;OPTATIVA;28/09/2026 09:16:32;ATIVO
205;1069;CC103;OPTATIVA;28/09/2026 09:16:32;ATIVO
206;1070;CC103;OBRIGATORIA;28/09/2026 09:16:32;ATIVO
206;1070;CC101;OBRIGATORIA;28/09/2026 09:16:32;ATIVO
206;1070;EC101;OBRIGATORIA;28/09/2026 09:16:32;ATIVO
206;1070;ES102;OBRIGATORIA;28/09/2026 09:16:32;ATIVO
207;1071;SI101;OBRIGATORIA;28/09/2026 09:16:32;ATIVO
207;1071;SI102;OBRIGATORIA;28/09/2026 09:16:32;ATIVO
207;1071;ES102;OBRIGATORIA;28/09/2026 09:16:32;ATIVO
207;1071;ES103;OPTATIVA;28/09/2026 09:16:32;ATIVO
208;1072;EC101;OBRIGATORIA;28/09/2026 09:16:32;ATIVO
208;1072;ES103;OBRIGATORIA;28/09/2026 09:16:32;ATIVO
208;1072;ES104;OBRIGATORIA;28/09/2026 09:16:32;ATIVO
208;1072;ES105;OBRIGATORIA;28/09/2026 09:16:32;ATIVO
208;1072;ES107;OPTATIVA;28/09/2026 09:16:32;ATIVO
208;1072;CC101;OPTATIVA;28/09/2026 09:16:32;ATIVO
