id;codigoMatricula;matriculaAluno;semestre;dataCriacao;status
90;2026/2-1001;1001;2026/2;01/07/2026 09:00:00;CONCLUIDA
91;2026/2-1002;1002;2026/2;02/07/2026 10:07:00;CONCLUIDA
138;2027/1-1002;1002;2027/1;28/09/2026 09:16:32;EM_ANDAMENTO
92;2026/2-1003;1003;2026/2;03/07/2026 11:14:00;CONCLUIDA
139;2027/1-1003;1003;2027/1;28/09/2026 09:16:32;EM_ANDAMENTO
93;2026/2-1004;1004;2026/2;04/07/2026 12:21:00;CONCLUIDA
140;2027/1-1004;1004;2027/1;28/09/2026 09:16:32;EM_ANDAMENTO
94;2026/2-1005;1005;2026/2;05/07/2026 13:28:00;CONCLUIDA
141;2027/1-1005;1005;2027/1;28/09/2026 09:16:32;EM_ANDAMENTO
95;2026/2-1006;1006;2026/2;06/07/2026 14:35:00;CONCLUIDA
142;2027/1-1006;1006;2027/1;28/09/2026 09:16:32;EM_ANDAMENTO
96;2026/2-1007;1007;2026/2;07/07/2026 15:42:00;CONCLUIDA
143;2027/1-1007;1007;2027/1;28/09/2026 09:16:32;EM_ANDAMENTO
97;2026/2-1008;1008;2026/2;08/07/2026 16:49:00;CONCLUIDA
144;2027/1-1008;1008;2027/1;28/09/2026 09:16:32;EM_ANDAMENTO
98;2026/2-1009;1009;2026/2;09/07/2026 09:56:00;CONCLUIDA
145;2027/1-1009;1009;2027/1;28/09/2026 09:16:32;EM_ANDAMENTO
99;2026/2-1010;1010;2026/2;10/07/2026 10:03:00;CONCLUIDA
146;2027/1-1010;1010;2027/1;28/09/2026 09:16:32;EM_ANDAMENTO
100;2026/2-1011;1011;2026/2;11/07/2026 11:10:00;CONCLUIDA
147;2027/1-1011;1011;2027/1;28/09/2026 09:16:32;EM_ANDAMENTO
101;2026/2-1012;1012;2026/2;12/07/2026 12:17:00;CONCLUIDA
148;2027/1-1012;1012;2027/1;28/09/2026 09:16:32;EM_ANDAMENTO
102;2026/2-1013;1013;2026/2;13/07/2026 13:24:00;CONCLUIDA
149;2027/1-1013;1013;2027/1;28/09/2026 09:16:32;EM_ANDAMENTO
103;2026/2-1014;1014;2026/2;14/07/2026 14:31:00;CONCLUIDA
150;2027/1-1014;1014;2027/1;28/09/2026 09:16:32;EM_ANDAMENTO
104;2026/2-1015;1015;2026/2;15/07/2026 15:38:00;CONCLUIDA
151;2027/1-1015;1015;2027/1;28/09/2026 09:16:32;EM_ANDAMENTO
105;2026/2-1016;1016;2026/2;16/07/2026 16:45:00;CONCLUIDA
152;2027/1-1016;1016;2027/1;28/09/2026 09:16:32;EM_ANDAMENTO
106;2026/2-1017;1017;2026/2;17/07/2026 09:52:00;CONCLUIDA
153;2027/1-1017;1017;2027/1;28/09/2026 09:16:32;EM_ANDAMENTO
107;2026/2-1018;1018;2026/2;18/07/2026 10:59:00;CONCLUIDA
154;2027/1-1018;1018;2027/1;28/09/2026 09:16:32;EM_ANDAMENTO
108;2026/2-1019;1019;2026/2;19/07/2026 11:06:00;CONCLUIDA
155;2027/1-1019;1019;2027/1;28/09/2026 09:16:32;EM_ANDAMENTO
109;2026/2-1020;1020;2026/2;20/07/2026 12:13:00;CONCLUIDA
156;2027/1-1020;1020;2027/1;28/09/2026 09:16:32;EM_ANDAMENTO
110;2026/2-1021;1021;2026/2;01/07/2026 13:20:00;CONCLUIDA
157;2027/1-1021;1021;2027/1;28/09/2026 09:16:32;EM_ANDAMENTO
111;2026/2-1022;1022;2026/2;02/07/2026 14:27:00;CONCLUIDA
158;2027/1-1022;1022;2027/1;28/09/2026 09:16:32;EM_ANDAMENTO
112;2026/2-1023;1023;2026/2;03/07/2026 15:34:00;CONCLUIDA
159;2027/1-1023;1023;2027/1;28/09/2026 09:16:32;EM_ANDAMENTO
113;2026/2-1024;1024;2026/2;04/07/2026 16:41:00;CONCLUIDA
160;2027/1-1024;1024;2027/1;28/09/2026 09:16:32;EM_ANDAMENTO
114;2026/2-1025;1025;2026/2;05/07/2026 09:48:00;CONCLUIDA
161;2027/1-1025;1025;2027/1;28/09/2026 09:16:32;EM_ANDAMENTO
115;2026/2-1026;1026;2026/2;06/07/2026 10:55:00;CONCLUIDA
162;2027/1-1026;1026;2027/1;28/09/2026 09:16:32;EM_ANDAMENTO
116;2026/2-1027;1027;2026/2;07/07/2026 11:02:00;CONCLUIDA
163;2027/1-1027;1027;2027/1;28/09/2026 09:16:32;EM_ANDAMENTO
117;2026/2-1028;1028;2026/2;08/07/2026 12:09:00;CONCLUIDA
164;2027/1-1028;1028;2027/1;28/09/2026 09:16:32;EM_ANDAMENTO
118;2026/2-1029;1029;2026/2;09/07/2026 13:16:00;CONCLUIDA
165;2027/1-1029;1029;2027/1;28/09/2026 09:16:32;EM_ANDAMENTO
119;2026/2-1030;1030;2026/2;10/07/2026 14:23:00;CONCLUIDA
166;2027/1-1030;1030;2027/1;28/09/2026 09:16:32;EM_ANDAMENTO
120;2026/2-1031;1031;2026/2;11/07/2026 15:30:00;CONCLUIDA
167;2027/1-1031;1031;2027/1;28/09/2026 09:16:32;EM_ANDAMENTO
121;2026/2-1032;1032;2026/2;12/07/2026 16:37:00;CONCLUIDA
168;2027/1-1032;1032;2027/1;28/09/2026 09:16:32;EM_ANDAMENTO
122;2026/2-1033;1033;2026/2;13/07/2026 09:44:00;CONCLUIDA
169;2027/1-1033;1033;2027/1;28/09/2026 09:16:32;EM_ANDAMENTO
123;2026/2-1034;1034;2026/2;14/07/2026 10:51:00;CONCLUIDA
170;2027/1-1034;1034;2027/1;28/09/2026 09:16:32;EM_ANDAMENTO
124;2026/2-1035;1035;2026/2;15/07/2026 11:58:00;CONCLUIDA
171;2027/1-1035;1035;2027/1;28/09/2026 09:16:32;EM_ANDAMENTO
125;2026/2-1036;1036;2026/2;16/07/2026 12:05:00;CONCLUIDA
172;2027/1-1036;1036;2027/1;28/09/2026 09:16:32;EM_ANDAMENTO
126;2026/2-1037;1037;2026/2;17/07/2026 13:12:00;CONCLUIDA
173;2027/1-1037;1037;2027/1;28/09/2026 09:16:32;EM_ANDAMENTO
127;2026/2-1038;1038;2026/2;18/07/2026 14:19:00;CONCLUIDA
174;2027/1-1038;1038;2027/1;28/09/2026 09:16:32;EM_ANDAMENTO
128;2026/2-1039;1039;2026/2;19/07/2026 15:26:00;CONCLUIDA
175;2027/1-1039;1039;2027/1;28/09/2026 09:16:32;EM_ANDAMENTO
129;2026/2-1040;1040;2026/2;20/07/2026 16:33:00;CONCLUIDA
176;2027/1-1040;1040;2027/1;28/09/2026 09:16:32;EM_ANDAMENTO
130;2026/2-1041;1041;2026/2;01/07/2026 09:40:00;CONCLUIDA
177;2027/1-1041;1041;2027/1;28/09/2026 09:16:32;EM_ANDAMENTO
131;2026/2-1042;1042;2026/2;02/07/2026 10:47:00;CONCLUIDA
178;2027/1-1042;1042;2027/1;28/09/2026 09:16:32;EM_ANDAMENTO
132;2026/2-1043;1043;2026/2;03/07/2026 11:54:00;CONCLUIDA
179;2027/1-1043;1043;2027/1;28/09/2026 09:16:32;EM_ANDAMENTO
133;2026/2-1044;1044;2026/2;04/07/2026 12:01:00;CONCLUIDA
180;2027/1-1044;1044;2027/1;28/09/2026 09:16:32;EM_ANDAMENTO
134;2026/2-1045;1045;2026/2;05/07/2026 13:08:00;CONCLUIDA
181;2027/1-1045;1045;2027/1;28/09/2026 09:16:32;EM_ANDAMENTO
135;2026/2-1046;1046;2026/2;06/07/2026 14:15:00;CONCLUIDA
182;2027/1-1046;1046;2027/1;28/09/2026 09:16:32;EM_ANDAMENTO
136;2026/2-1047;1047;2026/2;07/07/2026 15:22:00;CONCLUIDA
183;2027/1-1047;1047;2027/1;28/09/2026 09:16:32;EM_ANDAMENTO
137;2026/2-1048;1048;2026/2;08/07/2026 16:29:00;CONCLUIDA
184;2027/1-1048;1048;2027/1;28/09/2026 09:16:32;EM_ANDAMENTO
185;2027/1-1049;1049;2027/1;28/09/2026 09:16:32;EM_ANDAMENTO
186;2027/1-1050;1050;2027/1;28/09/2026 09:16:32;EM_ANDAMENTO
187;2027/1-1051;1051;2027/1;28/09/2026 09:16:32;EM_ANDAMENTO
188;2027/1-1052;1052;2027/1;28/09/2026 09:16:32;EM_ANDAMENTO
189;2027/1-1053;1053;2027/1;28/09/2026 09:16:32;EM_ANDAMENTO
190;2027/1-1054;1054;2027/1;28/09/2026 09:16:32;EM_ANDAMENTO
191;2027/1-1055;1055;2027/1;28/09/2026 09:16:32;EM_ANDAMENTO
192;2027/1-1056;1056;2027/1;28/09/2026 09:16:32;EM_ANDAMENTO
193;2027/1-1057;1057;2027/1;28/09/2026 09:16:32;EM_ANDAMENTO
194;2027/1-1058;1058;2027/1;28/09/2026 09:16:32;EM_ANDAMENTO
195;2027/1-1059;1059;2027/1;28/09/2026 09:16:32;EM_ANDAMENTO
196;2027/1-1060;1060;2027/1;28/09/2026 09:16:32;EM_ANDAMENTO
197;2027/1-1061;1061;2027/1;28/09/2026 09:16:32;EM_ANDAMENTO
198;2027/1-1062;1062;2027/1;28/09/2026 09:16:32;EM_ANDAMENTO
199;2027/1-1063;1063;2027/1;28/09/2026 09:16:32;EM_ANDAMENTO
200;2027/1-1064;1064;2027/1;28/09/2026 09:16:32;EM_ANDAMENTO
201;2027/1-1065;1065;2027/1;28/09/2026 09:16:32;EM_ANDAMENTO
202;2027/1-1066;1066;2027/1;28/09/2026 09:16:32;EM_ANDAMENTO
203;2027/1-1067;1067;2027/1;28/09/2026 09:16:32;EM_ANDAMENTO
204;2027/1-1068;1068;2027/1;28/09/2026 09:16:32;EM_ANDAMENTO
205;2027/1-1069;1069;2027/1;28/09/2026 09:16:32;EM_ANDAMENTO
206;2027/1-1070;1070;2027/1;28/09/2026 09:16:32;EM_ANDAMENTO
207;2027/1-1071;1071;2027/1;28/09/2026 09:16:32;EM_ANDAMENTO
208;2027/1-1072;1072;2027/1;28/09/2026 09:16:32;EM_ANDAMENTO
